Cluster_ID,Common_Bits_Count,Size
0,26,57
1,27,30
2,39,32
3,34,28
4,27,26
5,35,26
6,21,25
7,25,24
8,25,21
9,56,1
10,39,21
11,34,21
12,21,21
13,34,19
14,34,19
15,8,19
16,13,19
17,37,19
18,25,14
19,14,14
20,33,10
21,26,18
22,38,18
23,36,18
24,41,18
25,20,15
26,16,14
27,35,12
28,26,12
29,40,17
30,36,6
31,22,11
32,26,16
33,23,16
34,21,16
35,38,16
36,28,13
37,25,12
38,25,11
39,41,3
40,23,14
41,34,12
42,28,6
43,39,14
44,21,13
45,26,14
46,12,14
47,24,12
48,23,9
49,21,11
50,30,4
51,31,13
52,25,13
53,27,12
54,32,3
55,21,9
56,21,7
57,47,2
58,45,13
59,48,2
60,38,3
61,25,9
62,33,5
63,31,9
64,18,6
65,37,11
66,42,10
67,21,6
68,39,9
69,29,7
70,17,8
71,36,6
72,65,1
73,40,2
74,13,10
75,37,4
76,42,3
77,43,10
78,57,1
79,31,10
80,39,4
81,39,3
82,27,8
83,33,6
84,35,8
85,43,9
86,37,10
87,28,10
88,31,10
89,16,9
90,31,10
91,40,9
92,35,5
93,28,10
94,37,6
95,26,9
96,41,8
97,39,3
98,63,1
99,27,9
100,27,8
101,29,5
102,28,3
103,16,6
104,31,9
105,22,9
106,31,3
107,44,2
108,26,9
109,36,9
110,30,6
111,31,7
112,34,8
113,35,6
114,44,7
115,36,3
116,26,9
117,39,5
118,34,9
119,52,1
120,32,5
121,37,7
122,36,8
123,36,8
124,23,8
125,34,6
126,35,3
127,31,8
128,42,2
129,34,7
130,25,8
131,35,3
132,51,2
133,57,1
134,42,7
135,56,1
136,30,6
137,47,3
138,48,2
139,27,7
140,32,5
141,33,5
142,37,6
143,29,8
144,38,8
145,39,8
146,34,4
147,40,5
148,39,5
149,33,8
150,29,8
151,41,3
152,20,7
153,37,3
154,40,2
155,30,5
156,31,6
157,38,7
158,47,6
159,39,7
160,35,7
161,42,5
162,42,2
163,40,2
164,16,7
165,59,1
166,35,7
167,40,2
168,37,6
169,59,1
170,46,2
171,35,7
172,32,4
173,26,4
174,40,5
175,46,2
176,36,7
177,37,4
178,32,3
179,31,7
180,29,6
181,32,5
182,45,2
183,43,3
184,37,7
185,41,2
186,37,7
187,48,3
188,52,1
189,20,7
190,32,4
191,37,6
192,45,6
193,29,6
194,34,6
195,52,1
196,37,6
197,34,2
198,26,4
199,26,6
200,34,5
201,44,2
202,22,6
203,28,6
204,29,5
205,38,6
206,28,5
207,40,4
208,44,2
209,28,6
210,46,2
211,36,5
212,21,6
213,27,6
214,31,3
215,27,6
216,45,2
217,45,3
218,32,4
219,57,2
220,46,2
221,29,5
222,33,3
223,36,3
224,31,4
225,56,1
226,47,2
227,32,5
228,21,6
229,45,2
230,37,6
231,27,6
232,47,2
233,45,2
234,28,4
235,40,2
236,54,1
237,29,5
238,70,1
239,35,4
240,42,2
241,27,6
242,30,6
243,51,2
244,27,5
245,20,5
246,55,1
247,36,5
248,41,2
249,25,5
250,30,3
251,32,4
252,35,3
253,31,3
254,27,5
255,20,5
256,43,2
257,34,5
258,30,3
259,34,4
260,41,3
261,36,5
262,27,3
263,38,4
264,60,1
265,34,5
266,43,5
267,35,5
268,38,5
269,34,3
270,41,5
271,31,5
272,37,4
273,50,2
274,60,1
275,32,5
276,38,5
277,59,2
278,36,3
279,42,5
280,37,5
281,32,5
282,40,5
283,39,5
284,44,5
285,23,5
286,36,2
287,41,2
288,30,5
289,33,4
290,22,4
291,38,3
292,35,5
293,52,2
294,37,5
295,28,3
296,39,2
297,23,5
298,61,1
299,66,1
300,41,3
301,47,5
302,47,4
303,44,3
304,42,5
305,26,3
306,29,3
307,52,2
308,44,3
309,40,4
310,48,2
311,35,5
312,28,5
313,54,3
314,46,3
315,63,1
316,54,1
317,36,3
318,34,5
319,61,1
320,49,2
321,48,2
322,30,4
323,39,2
324,63,1
325,26,5
326,28,4
327,48,1
328,35,4
329,57,1
330,46,2
331,31,5
332,41,2
333,56,1
334,42,4
335,44,3
336,26,4
337,43,3
338,28,4
339,48,5
340,38,4
341,55,1
342,44,2
343,29,4
344,39,2
345,43,3
346,43,4
347,37,4
348,39,3
349,32,3
350,32,3
351,36,4
352,46,1
353,25,4
354,33,3
355,40,2
356,49,1
357,38,4
358,33,4
359,43,2
360,38,4
361,57,1
362,31,4
363,37,4
364,53,1
365,48,3
366,42,2
367,41,4
368,33,4
369,37,4
370,38,4
371,40,4
372,32,4
373,46,3
374,26,3
375,34,4
376,44,4
377,59,1
378,55,1
379,43,2
380,38,4
381,36,4
382,41,4
383,43,4
384,46,4
385,34,4
386,42,4
387,58,1
388,33,2
389,37,4
390,59,1
391,45,2
392,39,4
393,40,2
394,29,4
395,26,4
396,36,4
397,22,4
398,55,2
399,42,2
400,30,4
401,26,3
402,30,4
403,36,3
404,39,4
405,43,2
406,45,4
407,36,4
408,30,3
409,36,4
410,42,4
411,30,4
412,39,4
413,61,1
414,34,4
415,42,4
416,37,4
417,54,1
418,33,3
419,30,4
420,37,3
421,19,4
422,31,3
423,39,2
424,59,1
425,33,3
426,56,1
427,43,2
428,39,3
429,45,3
430,40,2
431,37,4
432,41,2
433,50,3
434,36,3
435,40,2
436,40,2
437,45,3
438,55,1
439,34,3
440,41,2
441,48,4
442,54,1
443,44,2
444,45,4
445,53,4
446,50,3
447,28,4
448,61,1
449,42,4
450,37,3
451,36,4
452,37,4
453,45,4
454,62,1
455,34,3
456,41,2
457,35,4
458,46,2
459,53,3
460,63,1
461,46,2
462,40,2
463,66,1
464,39,3
465,31,4
466,42,2
467,51,1
468,45,2
469,42,4
470,42,2
471,45,2
472,37,3
473,51,2
474,46,2
475,52,2
476,42,4
477,36,2
478,59,1
479,41,3
480,40,2
481,46,4
482,41,2
483,32,4
484,35,4
485,49,2
486,52,1
487,41,2
488,40,4
489,40,2
490,45,4
491,46,2
492,32,4
493,42,2
494,47,2
495,44,2
496,45,2
497,62,1
498,59,2
499,62,1
500,37,4
501,40,3
502,31,4
503,49,1
504,41,4
505,50,2
506,45,3
507,41,2
508,46,3
509,41,4
510,36,3
511,41,4
512,38,4
513,36,4
514,64,1
515,37,4
516,29,3
517,46,2
518,54,1
519,40,2
520,24,4
521,55,1
522,47,2
523,52,2
524,65,1
525,56,1
526,31,4
527,43,3
528,29,4
529,22,4
530,28,4
531,17,4
532,37,3
533,40,3
534,39,3
535,52,1
536,38,3
537,45,2
538,44,3
539,42,2
540,50,2
541,51,1
542,44,3
543,37,3
544,40,3
545,32,3
546,27,3
547,35,2
548,44,3
549,50,1
550,41,2
551,28,3
552,48,3
553,43,2
554,36,3
555,44,1
556,34,3
557,51,1
558,48,1
559,44,3
560,39,3
561,38,3
562,38,3
563,32,3
564,45,3
565,56,1
566,52,1
567,35,3
568,41,3
569,31,2
570,28,3
571,45,3
572,48,2
573,47,2
574,43,3
575,41,2
576,38,3
577,50,1
578,40,3
579,43,3
580,40,3
581,38,3
582,56,1
583,40,3
584,40,2
585,34,3
586,28,3
587,38,3
588,44,2
589,54,1
590,56,1
591,33,3
592,30,3
593,51,1
594,46,3
595,48,3
596,45,2
597,56,1
598,40,2
599,41,3
600,39,3
601,45,3
602,40,3
603,31,2
604,56,1
605,56,3
606,44,3
607,39,3
608,31,3
609,45,2
610,61,1
611,34,3
612,27,3
613,49,2
614,42,3
615,40,3
616,36,3
617,59,1
618,38,3
619,39,2
620,39,3
621,39,3
622,41,2
623,32,3
624,40,2
625,41,3
626,33,3
627,30,3
628,54,1
629,42,2
630,52,1
631,40,2
632,55,2
633,39,3
634,61,1
635,50,1
636,41,2
637,51,2
638,37,2
639,40,3
640,60,1
641,43,2
642,63,1
643,53,1
644,51,1
645,35,2
646,44,3
647,41,3
648,30,3
649,54,1
650,39,3
651,44,2
652,33,3
653,34,3
654,30,3
655,45,3
656,42,3
657,42,3
658,42,3
659,36,3
660,49,2
661,30,3
662,48,2
663,46,2
664,28,3
665,37,3
666,40,3
667,33,3
668,34,3
669,47,3
670,37,2
671,44,3
672,36,3
673,60,1
674,46,1
675,45,2
676,24,3
677,52,1
678,63,1
679,56,1
680,37,3
681,50,3
682,56,1
683,33,3
684,40,2
685,37,3
686,33,3
687,39,3
688,64,1
689,49,1
690,43,2
691,46,3
692,46,3
693,41,2
694,41,3
695,46,1
696,42,2
697,25,3
698,50,2
699,39,3
700,45,1
701,38,2
702,34,3
703,36,2
704,40,2
705,39,3
706,44,2
707,39,3
708,47,2
709,45,2
710,45,3
711,43,2
712,48,3
713,33,3
714,43,2
715,34,2
716,62,1
717,40,2
718,59,1
719,34,3
720,27,3
721,34,3
722,36,3
723,46,3
724,42,2
725,65,1
726,45,2
727,29,3
728,44,2
729,37,3
730,32,3
731,47,3
732,44,3
733,44,3
734,31,3
735,37,3
736,50,1
737,40,3
738,41,1
739,56,1
740,53,1
741,39,3
742,50,2
743,58,1
744,37,2
745,32,3
746,51,2
747,38,3
748,35,3
749,52,2
750,56,2
751,44,2
752,35,3
753,48,1
754,40,2
755,58,1
756,41,3
757,34,3
758,52,2
759,32,3
760,62,1
761,43,3
762,64,1
763,31,3
764,31,3
765,45,2
766,59,1
767,39,3
768,48,2
769,44,2
770,33,3
771,57,1
772,42,3
773,44,2
774,36,3
775,39,2
776,69,1
777,63,1
778,41,2
779,44,3
780,35,3
781,46,3
782,60,1
783,42,3
784,52,2
785,47,3
786,34,3
787,49,1
788,47,2
789,61,1
790,43,3
791,38,2
792,52,1
793,35,2
794,47,1
795,47,3
796,38,2
797,38,2
798,39,3
799,36,3
800,30,3
801,45,1
802,32,3
803,48,1
804,39,3
805,32,3
806,29,3
807,59,1
808,56,1
809,52,1
810,44,2
811,47,3
812,41,2
813,27,3
814,20,3
815,37,3
816,42,3
817,41,3
818,53,1
819,47,2
820,45,2
821,49,2
822,60,1
823,50,2
824,47,1
825,39,3
826,57,1
827,56,2
828,35,3
829,40,3
830,41,3
831,52,2
832,53,1
833,41,2
834,63,1
835,48,2
836,34,3
837,30,3
838,36,3
839,35,3
840,50,2
841,39,3
842,39,2
843,56,1
844,61,1
845,43,2
846,43,3
847,52,1
848,40,3
849,43,2
850,61,1
851,40,2
852,33,3
853,29,3
854,38,2
855,38,2
856,44,2
857,49,2
858,43,2
859,37,2
860,44,2
861,44,2
862,52,2
863,43,2
864,49,2
865,51,2
866,46,2
867,45,2
868,43,2
869,33,2
870,46,2
871,34,2
872,50,2
873,50,2
874,33,2
875,42,2
876,48,1
877,49,1
878,47,1
879,46,1
880,54,1
881,55,1
882,36,2
883,39,2
884,31,2
885,49,1
886,40,2
887,51,1
888,50,1
889,52,2
890,38,2
891,48,2
892,42,2
893,61,1
894,65,2
895,56,1
896,54,1
897,58,1
898,52,1
899,47,1
900,49,2
901,49,1
902,51,1
903,53,2
904,45,2
905,48,1
906,42,2
907,41,2
908,40,2
909,52,2
910,46,2
911,40,2
912,46,2
913,40,1
914,47,2
915,48,1
916,35,2
917,33,2
918,49,2
919,42,2
920,42,2
921,40,2
922,53,1
923,58,1
924,46,2
925,43,2
926,51,2
927,53,1
928,38,2
929,36,2
930,44,2
931,38,2
932,43,2
933,36,2
934,36,2
935,40,2
936,45,2
937,52,1
938,32,2
939,47,2
940,49,2
941,45,2
942,50,2
943,40,2
944,43,2
945,50,1
946,50,2
947,60,1
948,53,2
949,54,1
950,50,2
951,50,2
952,44,2
953,41,2
954,46,2
955,42,2
956,35,2
957,45,2
958,43,2
959,46,2
960,50,2
961,45,2
962,41,2
963,37,2
964,36,2
965,48,2
966,62,1
967,50,2
968,42,2
969,56,1
970,42,2
971,59,1
972,57,1
973,47,2
974,53,2
975,46,2
976,48,1
977,44,2
978,40,2
979,49,1
980,51,1
981,50,2
982,40,2
983,41,2
984,46,2
985,61,1
986,45,2
987,41,2
988,38,2
989,43,2
990,59,1
991,49,2
992,44,2
993,54,1
994,54,2
995,48,2
996,61,1
997,51,2
998,46,2
999,46,2
1000,43,2
1001,58,1
1002,46,2
1003,39,2
1004,47,2
1005,56,1
1006,47,1
1007,49,2
1008,45,2
1009,61,1
1010,43,2
1011,45,2
1012,59,1
1013,62,1
1014,50,2
1015,42,2
1016,51,1
1017,36,2
1018,52,2
1019,55,1
1020,54,1
1021,42,2
1022,38,2
1023,60,1
1024,49,2
1025,52,1
1026,55,1
1027,54,1
1028,45,1
1029,60,1
1030,50,2
1031,53,1
1032,43,2
1033,39,2
1034,51,2
1035,47,2
1036,56,1
1037,40,2
1038,68,1
1039,56,1
1040,43,2
1041,36,2
1042,33,2
1043,45,2
1044,46,2
1045,48,2
1046,36,2
1047,58,1
1048,34,2
1049,54,1
1050,41,2
1051,65,1
1052,44,2
1053,37,2
1054,41,2
1055,40,2
1056,46,1
1057,39,2
1058,56,1
1059,48,2
1060,52,1
1061,46,2
1062,56,1
1063,54,1
1064,38,2
1065,45,2
1066,39,2
1067,34,2
1068,45,2
1069,35,2
1070,42,2
1071,46,2
1072,46,2
1073,40,2
1074,55,1
1075,59,1
1076,42,2
1077,50,2
1078,38,2
1079,40,2
1080,54,1
1081,42,2
1082,47,1
1083,38,2
1084,39,2
1085,43,2
1086,49,2
1087,58,2
1088,40,2
1089,42,2
1090,42,2
1091,46,2
1092,45,2
1093,50,1
1094,51,2
1095,46,2
1096,43,2
1097,41,2
1098,48,2
1099,57,2
1100,42,2
1101,45,2
1102,40,2
1103,51,1
1104,49,2
1105,42,2
1106,39,2
1107,47,2
1108,41,2
1109,50,2
1110,36,2
1111,54,2
1112,43,2
1113,49,2
1114,48,2
1115,49,2
1116,37,2
1117,39,2
1118,42,2
1119,40,2
1120,58,1
1121,39,2
1122,48,1
1123,38,2
1124,41,2
1125,52,1
1126,51,1
1127,47,1
1128,52,2
1129,44,2
1130,57,1
1131,38,2
1132,47,2
1133,34,2
1134,36,2
1135,47,2
1136,47,2
1137,42,2
1138,46,2
1139,35,2
1140,45,1
1141,50,2
1142,44,2
1143,66,1
1144,37,2
1145,43,2
1146,47,2
1147,42,2
1148,60,1
1149,58,1
1150,36,2
1151,41,2
1152,46,2
1153,31,2
1154,39,2
1155,56,1
1156,44,2
1157,49,1
1158,54,1
1159,47,2
1160,39,2
1161,44,2
1162,40,2
1163,45,2
1164,47,2
1165,43,2
1166,50,1
1167,41,2
1168,59,1
1169,51,2
1170,38,2
1171,48,1
1172,44,2
1173,42,2
1174,52,1
1175,49,1
1176,38,2
1177,45,2
1178,52,1
1179,40,2
1180,47,1
1181,52,1
1182,47,2
1183,47,2
1184,55,1
1185,48,1
1186,38,2
1187,36,2
1188,36,2
1189,48,1
1190,44,2
1191,58,1
1192,50,1
1193,33,2
1194,50,1
1195,44,2
1196,37,2
1197,41,2
1198,42,2
1199,31,1
1200,49,2
1201,48,1
1202,45,2
1203,42,2
1204,41,2
1205,38,2
1206,52,1
1207,39,2
1208,40,2
1209,41,2
1210,47,1
1211,41,2
1212,41,2
1213,58,1
1214,48,2
1215,33,2
1216,37,2
1217,38,2
1218,39,2
1219,42,2
1220,56,1
1221,60,1
1222,53,1
1223,46,1
1224,51,1
1225,59,2
1226,37,2
1227,41,2
1228,52,1
1229,38,2
1230,39,2
1231,51,2
1232,53,1
1233,42,2
1234,46,2
1235,45,1
1236,45,2
1237,41,2
1238,48,2
1239,41,2
1240,59,1
1241,59,1
1242,46,2
1243,63,1
1244,48,1
1245,45,2
1246,39,2
1247,53,1
1248,49,2
1249,37,2
1250,41,2
1251,44,2
1252,52,1
1253,59,1
1254,45,2
1255,41,2
1256,35,2
1257,34,2
1258,41,2
1259,48,2
1260,41,2
1261,45,2
1262,44,2
1263,44,2
1264,47,2
1265,45,2
1266,41,2
1267,53,1
1268,56,1
1269,56,1
1270,40,2
1271,59,1
1272,30,2
1273,46,2
1274,42,2
1275,44,2
1276,58,2
1277,46,2
1278,45,2
1279,52,2
1280,52,1
1281,40,2
1282,41,2
1283,61,1
1284,62,1
1285,62,1
1286,42,2
1287,58,1
1288,54,1
1289,44,2
1290,38,2
1291,55,1
1292,44,2
1293,61,1
1294,54,1
1295,52,1
1296,58,1
1297,49,1
1298,44,1
1299,59,2
1300,49,2
1301,47,2
1302,45,1
1303,50,2
1304,67,2
1305,61,1
1306,52,2
1307,58,1
1308,48,2
1309,47,2
1310,53,1
1311,59,1
1312,39,2
1313,45,2
1314,39,2
1315,54,1
1316,58,1
1317,39,2
1318,57,1
1319,42,2
1320,57,1
1321,56,1
1322,46,2
1323,51,1
1324,45,2
1325,53,2
1326,60,1
1327,69,1
1328,51,2
1329,44,2
1330,48,2
1331,59,1
1332,35,2
1333,42,2
1334,52,1
1335,42,2
1336,44,2
1337,47,2
1338,51,1
1339,42,2
1340,62,1
1341,42,2
1342,64,1
1343,61,1
1344,59,1
1345,46,2
1346,59,1
1347,49,1
1348,58,1
1349,47,2
1350,40,2
1351,56,1
1352,55,2
1353,59,1
1354,66,1
1355,57,1
1356,45,2
1357,45,2
1358,54,1
1359,47,1
1360,47,2
1361,53,1
1362,60,1
1363,57,1
1364,43,2
1365,51,1
1366,53,1
1367,50,2
1368,65,1
1369,55,1
1370,50,2
1371,54,1
1372,39,2
1373,37,2
1374,61,1
1375,64,1
1376,61,1
1377,60,1
1378,56,1
1379,47,1
1380,47,2
1381,58,1
1382,42,1
1383,56,1
1384,55,1
1385,44,2
1386,45,2
1387,60,1
1388,46,2
1389,48,1
1390,40,2
1391,62,1
1392,48,1
1393,57,1
1394,47,2
1395,44,2
1396,42,2
1397,52,2
1398,54,1
1399,53,1
1400,58,1
1401,61,1
1402,42,1
1403,54,2
1404,45,2
1405,49,2
1406,56,2
1407,37,2
1408,43,2
1409,40,2
1410,45,1
1411,47,2
1412,40,2
1413,44,2
1414,42,2
1415,43,2
1416,41,2
1417,53,2
1418,61,1
1419,55,2
1420,41,2
1421,60,1
1422,47,2
1423,52,1
1424,48,2
1425,53,1
1426,43,2
1427,32,1
1428,42,2
1429,62,1
1430,43,2
1431,62,1
1432,54,1
1433,53,1
1434,49,2
1435,45,1
1436,52,2
1437,43,2
1438,47,2
1439,36,2
1440,46,1
1441,71,1
1442,57,1
1443,46,2
1444,43,2
1445,41,2
1446,61,1
1447,49,2
1448,43,2
1449,50,1
1450,48,1
1451,54,1
1452,42,2
1453,56,1
1454,61,1
1455,41,2
1456,34,2
1457,39,2
1458,50,2
1459,42,2
1460,45,2
1461,45,2
1462,44,2
1463,40,2
1464,51,1
1465,53,1
1466,36,2
1467,33,2
1468,52,1
1469,43,2
1470,60,1
1471,60,1
1472,60,1
1473,57,1
1474,44,2
1475,45,2
1476,43,2
1477,62,1
1478,55,2
1479,35,2
1480,54,1
1481,35,2
1482,56,1
1483,41,2
1484,41,2
1485,43,2
1486,62,1
1487,46,2
1488,42,2
1489,57,2
1490,53,1
1491,60,1
1492,61,1
1493,56,1
1494,55,1
1495,54,1
1496,41,2
1497,53,1
1498,57,1
1499,51,1
1500,53,1
1501,51,1
1502,48,1
1503,58,1
1504,43,2
1505,50,1
1506,53,1
1507,45,2
1508,44,2
1509,57,1
1510,56,1
1511,37,2
1512,57,1
1513,61,1
1514,56,1
1515,44,2
1516,48,1
1517,60,1
1518,50,1
1519,53,1
1520,57,1
1521,38,1
1522,36,1
1523,38,2
1524,44,1
1525,34,2
1526,48,1
1527,37,2
1528,29,2
1529,38,2
1530,45,1
1531,35,2
1532,40,2
1533,39,1
1534,50,1
1535,55,1
1536,48,1
1537,57,1
1538,48,1
1539,49,1
1540,61,1
1541,46,1
1542,52,1
1543,54,1
1544,61,1
1545,61,1
1546,55,1
1547,55,1
1548,55,1
1549,50,1
1550,56,1
1551,63,1
1552,52,1
1553,51,1
1554,47,1
1555,60,1
1556,58,1
1557,59,1
1558,52,1
1559,47,1
1560,60,1
1561,50,1
1562,52,1
1563,60,1
1564,47,1
1565,56,1
1566,55,1
1567,54,1
1568,56,1
1569,55,1
1570,59,1
1571,55,1
1572,49,1
1573,45,1
1574,57,1
1575,55,1
1576,57,1
1577,47,1
1578,57,1
1579,56,1
1580,58,1
1581,51,1
1582,56,1
1583,47,1
1584,53,1
1585,46,1
1586,58,1
1587,44,1
1588,56,1
1589,60,1
1590,47,1
1591,46,1
1592,48,1
1593,49,1
1594,56,1
1595,57,1
1596,57,1
1597,46,1
1598,49,1
1599,49,1
1600,52,1
1601,57,1
1602,64,1
1603,55,1
1604,53,1
1605,61,1
1606,61,1
1607,53,1
1608,61,1
1609,61,1
1610,50,1
1611,60,1
1612,57,1
1613,49,1
1614,44,1
1615,57,1
1616,55,1
1617,51,1
1618,50,1
1619,60,1
1620,51,1
1621,53,1
1622,44,1
1623,59,1
1624,48,1
1625,44,1
1626,55,1
1627,54,1
1628,57,1
1629,54,1
1630,51,1
1631,48,1
1632,55,1
1633,45,1
1634,46,1
1635,49,1
1636,47,1
1637,51,1
1638,56,1
1639,54,1
1640,62,1
1641,44,1
1642,49,1
1643,47,1
1644,46,1
1645,42,1
1646,50,1
1647,56,1
1648,47,1
1649,49,1
1650,55,1
1651,61,1
1652,57,1
1653,46,1
1654,46,1
1655,49,1
1656,55,1
1657,54,1
1658,54,1
1659,59,1
1660,61,1
1661,64,1
1662,56,1
1663,56,1
1664,52,1
1665,57,1
1666,45,1
1667,52,1
1668,49,1
1669,48,1
1670,54,1
1671,49,1
1672,54,1
1673,52,1
1674,63,1
1675,59,1
1676,61,1
1677,59,1
1678,62,1
1679,64,1
1680,59,1
1681,40,1
1682,54,1
1683,53,1
1684,54,1
1685,48,1
1686,51,1
1687,49,1
1688,58,1
1689,57,1
1690,56,1
1691,39,1
1692,57,1
1693,51,1
1694,56,1
1695,57,1
1696,59,1
1697,56,1
1698,59,1
1699,51,1
1700,64,1
1701,55,1
1702,52,1
1703,64,1
1704,52,1
1705,55,1
1706,51,1
1707,44,1
1708,46,1
1709,44,1
1710,56,1
1711,49,1
1712,52,1
1713,57,1
1714,47,1
1715,66,1
1716,52,1
1717,51,1
1718,56,1
1719,50,1
1720,61,1
1721,56,1
1722,61,1
1723,55,1
1724,45,1
1725,43,1
1726,55,1
1727,54,1
1728,62,1
1729,40,1
1730,52,1
1731,68,1
1732,56,1
1733,51,1
1734,51,1
1735,50,1
1736,49,1
1737,50,1
1738,61,1
1739,31,1
1740,50,1
1741,46,1
1742,48,1
1743,53,1
1744,64,1
1745,50,1
1746,45,1
1747,41,1
1748,46,1
1749,59,1
1750,60,1
1751,56,1
1752,53,1
1753,57,1
1754,55,1
1755,55,1
1756,40,1
1757,62,1
1758,53,1
1759,53,1
1760,56,1
1761,56,1
1762,45,1
1763,47,1
1764,53,1
1765,60,1
1766,57,1
1767,58,1
1768,45,1
1769,52,1
1770,57,1
1771,57,1
1772,50,1
1773,62,1
1774,59,1
1775,54,1
1776,48,1
1777,43,1
1778,58,1
1779,51,1
1780,55,1
1781,36,1
1782,36,1
1783,47,1
1784,45,1
1785,45,1
1786,49,1
1787,54,1
1788,52,1
1789,51,1
1790,46,1
1791,60,1
1792,46,1
1793,56,1
1794,52,1
1795,50,1
1796,46,1
1797,51,1
1798,48,1
1799,56,1
1800,50,1
1801,37,1
1802,47,1
1803,42,1
1804,47,1
1805,64,1
1806,50,1
1807,61,1
1808,50,1
1809,52,1
1810,57,1
1811,59,1
1812,54,1
1813,55,1
1814,43,1
1815,53,1
1816,47,1
1817,54,1
1818,42,1
1819,51,1
1820,54,1
1821,54,1
1822,52,1
1823,44,1
1824,59,1
1825,65,1
1826,40,1
1827,51,1
1828,53,1
1829,43,1
1830,57,1
1831,57,1
1832,55,1
1833,57,1
1834,59,1
1835,49,1
1836,47,1
1837,49,1
1838,59,1
1839,66,1
1840,58,1
1841,45,1
1842,56,1
1843,55,1
1844,46,1
1845,57,1
1846,52,1
1847,41,1
1848,57,1
1849,56,1
1850,52,1
1851,45,1
1852,54,1
1853,58,1
1854,58,1
1855,47,1
1856,35,1
1857,52,1
1858,47,1
1859,48,1
1860,69,1
1861,51,1
1862,59,1
1863,55,1
1864,48,1
1865,50,1
1866,56,1
1867,58,1
1868,52,1
1869,58,1
1870,61,1
1871,56,1
1872,44,1
1873,52,1
1874,64,1
1875,56,1
1876,47,1
1877,48,1
1878,56,1
1879,57,1
1880,56,1
1881,60,1
1882,60,1
1883,55,1
1884,57,1
1885,59,1
1886,57,1
1887,56,1
1888,46,1
1889,51,1
1890,49,1
1891,52,1
1892,62,1
1893,54,1
1894,57,1
1895,57,1
1896,55,1
1897,48,1
1898,60,1
1899,48,1
1900,47,1
1901,44,1
1902,58,1
1903,61,1
1904,57,1
1905,52,1
1906,53,1
1907,46,1
1908,40,1
1909,57,1
1910,63,1
1911,44,1
1912,63,1
1913,62,1
1914,53,1
1915,56,1
1916,53,1
1917,60,1
1918,48,1
1919,51,1
1920,56,1
1921,59,1
1922,65,1
1923,56,1
1924,51,1
1925,56,1
1926,50,1
1927,55,1
1928,58,1
1929,58,1
1930,50,1
1931,56,1
1932,59,1
1933,52,1
1934,49,1
1935,50,1
1936,50,1
1937,54,1
1938,52,1
1939,58,1
1940,59,1
1941,54,1
1942,51,1
1943,50,1
1944,47,1
1945,52,1
1946,52,1
1947,52,1
1948,50,1
1949,54,1
1950,65,1
1951,57,1
1952,43,1
1953,55,1
1954,55,1
1955,49,1
1956,45,1
1957,51,1
1958,42,1
1959,53,1
1960,56,1
1961,51,1
1962,67,1
1963,55,1
1964,63,1
1965,51,1
1966,46,1
1967,47,1
1968,59,1
1969,57,1
1970,55,1
1971,50,1
1972,50,1
1973,49,1
1974,57,1
1975,49,1
1976,48,1
1977,54,1
1978,46,1
1979,54,1
1980,53,1
1981,68,1
1982,44,1
1983,41,1
1984,49,1
1985,53,1
1986,51,1
1987,64,1
1988,54,1
1989,56,1
1990,62,1
1991,47,1
1992,47,1
1993,50,1
1994,58,1
1995,52,1
1996,46,1
1997,54,1
1998,48,1
1999,62,1
2000,55,1
2001,50,1
2002,55,1
2003,58,1
2004,55,1
2005,56,1
2006,52,1
2007,48,1
2008,53,1
2009,53,1
2010,51,1
2011,48,1
2012,52,1
2013,46,1
2014,57,1
2015,60,1
2016,63,1
2017,50,1
2018,59,1
2019,56,1
2020,52,1
2021,46,1
2022,50,1
2023,41,1
2024,49,1
2025,55,1
2026,45,1
2027,39,1
2028,56,1
2029,57,1
2030,61,1
2031,52,1
2032,54,1
2033,58,1
2034,54,1
2035,68,1
2036,61,1
2037,44,1
2038,56,1
2039,58,1
2040,58,1
2041,50,1
2042,58,1
2043,54,1
2044,50,1
2045,61,1
2046,56,1
2047,57,1
2048,27,1
2049,48,1
2050,50,1
2051,60,1
2052,60,1
2053,47,1
2054,62,1
2055,64,1
2056,49,1
2057,63,1
2058,67,1
2059,47,1
2060,60,1
2061,52,1
2062,58,1
2063,54,1
2064,49,1
2065,46,1
2066,39,1
2067,49,1
2068,60,1
2069,62,1
2070,49,1
2071,50,1
2072,54,1
2073,58,1
2074,49,1
2075,51,1
2076,49,1
2077,49,1
2078,55,1
2079,45,1
2080,47,1
2081,59,1
2082,55,1
2083,52,1
2084,44,1
2085,54,1
2086,51,1
2087,59,1
2088,63,1
2089,56,1
2090,64,1
2091,51,1
2092,55,1
2093,55,1
2094,59,1
2095,61,1
2096,55,1
2097,57,1
2098,53,1
2099,57,1
2100,56,1
2101,62,1
2102,62,1
2103,42,1
2104,51,1
2105,63,1
2106,50,1
2107,56,1
2108,58,1
2109,45,1
2110,63,1
2111,55,1
2112,52,1
2113,60,1
2114,55,1
2115,51,1
2116,59,1
2117,53,1
2118,48,1
2119,57,1
2120,71,1
2121,52,1
2122,49,1
2123,51,1
2124,60,1
2125,61,1
2126,58,1
2127,56,1
2128,47,1
2129,57,1
2130,65,1
2131,50,1
2132,62,1
2133,60,1
2134,56,1
2135,48,1
2136,51,1
2137,59,1
2138,50,1
2139,52,1
2140,51,1
2141,48,1
2142,59,1
2143,44,1
2144,56,1
2145,66,1
2146,51,1
2147,62,1
2148,44,1
2149,66,1
2150,47,1
2151,62,1
2152,56,1
2153,43,1
2154,53,1
2155,61,1
2156,61,1
2157,62,1
2158,49,1
2159,66,1
2160,41,1
2161,54,1
2162,56,1
2163,54,1
2164,50,1
2165,59,1
2166,53,1
2167,63,1
2168,58,1
2169,50,1
2170,64,1
2171,61,1
2172,51,1
2173,49,1
2174,57,1
2175,46,1
2176,46,1
2177,66,1
2178,65,1
2179,56,1
2180,56,1
2181,52,1
2182,54,1
2183,64,1
2184,62,1
2185,55,1
2186,48,1
2187,56,1
2188,53,1
2189,59,1
2190,60,1
2191,58,1
2192,54,1
2193,68,1
2194,56,1
2195,64,1
2196,55,1
2197,56,1
2198,50,1
2199,46,1
2200,60,1
2201,44,1
2202,50,1
2203,48,1
2204,62,1
2205,53,1
2206,49,1
2207,57,1
2208,52,1
2209,59,1
2210,57,1
2211,46,1
2212,57,1
2213,45,1
2214,49,1
2215,56,1
2216,64,1
2217,58,1
2218,52,1
2219,59,1
2220,53,1
2221,52,1
2222,53,1
2223,65,1
2224,61,1
2225,54,1
2226,58,1
2227,44,1
2228,49,1
2229,48,1
2230,56,1
2231,56,1
2232,41,1
2233,55,1
2234,57,1
2235,55,1
2236,59,1
2237,61,1
2238,50,1
2239,55,1
2240,60,1
2241,57,1
2242,48,1
2243,61,1
2244,48,1
2245,49,1
2246,54,1
2247,54,1
2248,65,1
2249,56,1
2250,51,1
2251,54,1
2252,52,1
2253,40,1
2254,60,1
2255,54,1
2256,52,1
2257,54,1
2258,53,1
2259,54,1
2260,56,1
2261,52,1
2262,60,1
2263,38,1
2264,47,1
2265,52,1
2266,52,1
2267,51,1
2268,57,1
2269,47,1
2270,48,1
2271,58,1
2272,55,1
2273,66,1
2274,54,1
2275,55,1
2276,53,1
2277,52,1
2278,58,1
2279,58,1
2280,61,1
2281,50,1
2282,53,1
2283,55,1
2284,50,1
2285,54,1
2286,41,1
2287,58,1
2288,50,1
2289,53,1
2290,61,1
2291,51,1
2292,57,1
2293,50,1
2294,57,1
2295,54,1
2296,40,1
2297,54,1
2298,51,1
2299,52,1
2300,51,1
2301,55,1
2302,47,1
2303,61,1
2304,56,1
2305,63,1
2306,54,1
2307,47,1
2308,58,1
2309,64,1
2310,57,1
2311,56,1
2312,56,1
2313,59,1
2314,53,1
2315,40,1
2316,54,1
2317,59,1
2318,63,1
2319,46,1
2320,51,1
2321,46,1
2322,52,1
2323,47,1
2324,43,1
2325,54,1
2326,62,1
2327,58,1
2328,55,1
2329,59,1
2330,60,1
2331,49,1
2332,57,1
2333,57,1
2334,49,1
2335,59,1
2336,56,1
2337,49,1
2338,49,1
2339,53,1
2340,58,1
2341,50,1
2342,64,1
2343,53,1
2344,59,1
2345,57,1
2346,50,1
2347,52,1
2348,59,1
2349,38,1
2350,60,1
2351,54,1
2352,51,1
2353,44,1
2354,52,1
2355,64,1
2356,56,1
2357,53,1
2358,59,1
2359,67,1
2360,60,1
2361,53,1
2362,45,1
2363,51,1
2364,69,1
2365,55,1
2366,55,1
2367,62,1
2368,59,1
2369,50,1
2370,47,1
2371,54,1
2372,49,1
2373,55,1
2374,54,1
2375,50,1
2376,54,1
2377,48,1
2378,59,1
2379,52,1
2380,58,1
2381,49,1
2382,52,1
2383,56,1
2384,46,1
2385,51,1
2386,49,1
2387,63,1
2388,53,1
2389,51,1
2390,55,1
2391,58,1
2392,55,1
2393,52,1
2394,54,1
2395,59,1
2396,53,1
2397,45,1
2398,48,1
2399,60,1
2400,62,1
2401,58,1
2402,61,1
2403,66,1
2404,51,1
2405,46,1
2406,50,1
2407,56,1
2408,46,1
2409,57,1
2410,61,1
2411,65,1
2412,53,1
2413,61,1
2414,47,1
2415,59,1
2416,56,1
2417,55,1
2418,46,1
2419,50,1
2420,60,1
2421,55,1
2422,41,1
2423,50,1
2424,57,1
2425,59,1
2426,56,1
2427,47,1
2428,60,1
2429,53,1
2430,46,1
2431,51,1
2432,53,1
2433,50,1
2434,54,1
2435,55,1
2436,53,1
2437,48,1
2438,58,1
2439,40,1
2440,50,1
2441,52,1
2442,54,1
2443,60,1
2444,42,1
2445,54,1
2446,59,1
2447,56,1
2448,48,1
2449,47,1
2450,49,1
2451,55,1
2452,49,1
2453,49,1
2454,46,1
2455,65,1
2456,52,1
2457,52,1
2458,55,1
2459,48,1
2460,56,1
2461,49,1
2462,54,1
2463,46,1
2464,66,1
2465,55,1
2466,54,1
2467,47,1
2468,58,1
2469,47,1
2470,53,1
2471,46,1
2472,58,1
2473,49,1
2474,58,1
2475,43,1
2476,60,1
2477,62,1
2478,57,1
2479,54,1
2480,47,1
2481,46,1
2482,53,1
2483,58,1
2484,45,1
2485,53,1
2486,48,1
2487,54,1
2488,53,1
2489,50,1
2490,46,1
2491,54,1
2492,52,1
2493,46,1
2494,64,1
2495,54,1
2496,52,1
2497,55,1
2498,54,1
2499,57,1
2500,59,1
2501,47,1
2502,56,1
2503,58,1
2504,56,1
2505,45,1
2506,57,1
2507,50,1
2508,49,1
2509,46,1
2510,46,1
2511,54,1
2512,42,1
2513,50,1
2514,66,1
2515,59,1
2516,53,1
2517,57,1
2518,53,1
2519,54,1
2520,38,1
2521,52,1
2522,35,1
2523,47,1
2524,60,1
2525,62,1
2526,55,1
2527,47,1
2528,62,1
2529,52,1
2530,52,1
2531,63,1
2532,48,1
2533,51,1
2534,44,1
2535,49,1
2536,46,1
2537,64,1
2538,48,1
2539,50,1
2540,60,1
2541,55,1
2542,43,1
2543,53,1
2544,51,1
2545,53,1
2546,52,1
2547,47,1
2548,49,1
2549,54,1
2550,39,1
2551,61,1
2552,54,1
2553,56,1
2554,55,1
2555,55,1
2556,52,1
2557,52,1
2558,60,1
2559,55,1
2560,59,1
2561,53,1
2562,55,1
2563,49,1
2564,55,1
2565,47,1
2566,61,1
2567,53,1
2568,56,1
2569,48,1
2570,52,1
2571,54,1
2572,48,1
2573,55,1
2574,55,1
2575,61,1
2576,52,1
2577,46,1
2578,49,1
2579,56,1
2580,50,1
2581,53,1
2582,52,1
2583,53,1
2584,54,1
2585,50,1
2586,49,1
2587,48,1
2588,59,1
2589,49,1
2590,50,1
2591,50,1
2592,54,1
2593,51,1
2594,53,1
2595,58,1
2596,53,1
2597,61,1
2598,52,1
2599,56,1
2600,53,1
2601,61,1
2602,50,1
2603,40,1
2604,46,1
2605,55,1
2606,54,1
2607,42,1
2608,50,1
2609,58,1
2610,63,1
2611,49,1
2612,57,1
2613,58,1
2614,61,1
2615,47,1
2616,63,1
2617,56,1
2618,56,1
2619,53,1
2620,58,1
2621,60,1
2622,59,1
2623,61,1
2624,57,1
2625,60,1
2626,59,1
2627,53,1
2628,56,1
2629,56,1
2630,53,1
2631,59,1
2632,64,1
2633,52,1
2634,56,1
2635,51,1
2636,50,1
2637,56,1
2638,41,1
2639,51,1
2640,55,1
2641,58,1
2642,50,1
2643,57,1
2644,52,1
2645,60,1
2646,53,1
2647,43,1
2648,63,1
2649,47,1
2650,54,1
2651,56,1
2652,55,1
2653,50,1
2654,48,1
2655,61,1
2656,55,1
2657,56,1
2658,54,1
2659,54,1
2660,60,1
2661,59,1
2662,49,1
2663,55,1
2664,49,1
2665,59,1
2666,49,1
2667,59,1
2668,56,1
2669,56,1
2670,58,1
2671,49,1
2672,56,1
2673,52,1
2674,46,1
2675,45,1
2676,59,1
2677,52,1
2678,35,1
2679,67,1
2680,56,1
2681,51,1
2682,62,1
2683,53,1
2684,52,1
2685,64,1
2686,66,1
2687,51,1
2688,52,1
2689,56,1
2690,52,1
2691,47,1
2692,55,1
2693,65,1
2694,55,1
2695,55,1
2696,58,1
2697,57,1
2698,54,1
2699,52,1
2700,48,1
2701,53,1
2702,58,1
2703,59,1
2704,54,1
2705,58,1
2706,55,1
2707,47,1
2708,54,1
2709,49,1
2710,59,1
2711,50,1
2712,55,1
2713,48,1
2714,52,1
2715,45,1
2716,50,1
2717,56,1
2718,47,1
2719,56,1
2720,43,1
2721,60,1
2722,49,1
2723,48,1
2724,55,1
2725,57,1
2726,61,1
2727,54,1
2728,55,1
2729,46,1
2730,57,1
2731,50,1
2732,54,1
2733,52,1
2734,52,1
2735,54,1
2736,55,1
2737,51,1
2738,49,1
2739,57,1
2740,64,1
2741,59,1
2742,55,1
2743,63,1
2744,54,1
2745,54,1
2746,59,1
2747,51,1
2748,57,1
2749,56,1
2750,50,1
2751,56,1
2752,67,1
2753,58,1
2754,54,1
2755,54,1
2756,57,1
2757,52,1
2758,57,1
2759,50,1
2760,52,1
2761,52,1
2762,49,1
2763,62,1
2764,52,1
2765,55,1
2766,44,1
2767,64,1
2768,57,1
2769,58,1
2770,56,1
2771,48,1
2772,55,1
2773,49,1
2774,58,1
2775,53,1
2776,45,1
2777,62,1
2778,49,1
2779,52,1
2780,54,1
2781,65,1
2782,57,1
2783,55,1
2784,40,1
2785,51,1
2786,57,1
2787,43,1
2788,56,1
2789,60,1
2790,52,1
2791,62,1
2792,52,1
2793,57,1
2794,64,1
2795,54,1
2796,38,1
2797,60,1
2798,37,1
2799,58,1
2800,55,1
2801,45,1
2802,56,1
2803,57,1
2804,56,1
2805,55,1
2806,36,1
2807,53,1
2808,44,1
2809,54,1
2810,50,1
2811,53,1
2812,53,1
2813,53,1
2814,54,1
2815,53,1
2816,53,1
2817,57,1
2818,54,1
2819,46,1
2820,48,1
2821,49,1
2822,55,1
2823,48,1
2824,55,1
2825,52,1
2826,55,1
2827,57,1
2828,50,1
2829,53,1
2830,60,1
2831,47,1
2832,56,1
2833,51,1
2834,52,1
2835,55,1
2836,55,1
2837,56,1
2838,55,1
2839,53,1
2840,53,1
2841,50,1
2842,44,1
2843,47,1
2844,54,1
2845,58,1
2846,54,1
2847,55,1
2848,57,1
2849,55,1
2850,51,1
2851,60,1
2852,63,1
2853,56,1
2854,59,1
2855,61,1
2856,53,1
2857,51,1
2858,55,1
2859,56,1
2860,50,1
2861,53,1
2862,60,1
2863,53,1
2864,50,1
2865,47,1
2866,51,1
2867,52,1
2868,56,1
2869,59,1
2870,54,1
2871,47,1
2872,55,1
2873,65,1
2874,42,1
2875,58,1
2876,54,1
2877,57,1
2878,58,1
2879,56,1
2880,42,1
2881,55,1
2882,56,1
2883,58,1
2884,43,1
2885,45,1
2886,54,1
2887,59,1
2888,55,1
2889,61,1
2890,50,1
2891,57,1
2892,63,1
2893,54,1
2894,54,1
2895,48,1
2896,41,1
2897,52,1
2898,40,1
2899,45,1
2900,53,1
2901,56,1
2902,56,1
2903,53,1
2904,56,1
2905,55,1
2906,57,1
2907,41,1
2908,51,1
2909,55,1
2910,53,1
2911,49,1
2912,55,1
2913,52,1
2914,65,1
2915,48,1
2916,61,1
2917,62,1
2918,57,1
2919,49,1
2920,56,1
2921,44,1
2922,56,1
2923,60,1
2924,61,1
2925,56,1
2926,44,1
2927,54,1
2928,52,1
2929,44,1
2930,42,1
2931,50,1
2932,51,1
2933,60,1
2934,51,1
2935,46,1
2936,55,1
2937,56,1
2938,60,1
2939,55,1
2940,49,1
2941,46,1
2942,54,1
2943,56,1
2944,60,1
2945,61,1
2946,50,1
2947,54,1
2948,52,1
2949,57,1
2950,44,1
2951,53,1
2952,44,1
2953,49,1
2954,56,1
2955,52,1
2956,50,1
2957,53,1
2958,54,1
2959,58,1
2960,66,1
2961,65,1
2962,48,1
2963,54,1
2964,50,1
2965,56,1
2966,52,1
2967,59,1
2968,58,1
2969,59,1
2970,43,1
2971,43,1
2972,61,1
2973,55,1
2974,54,1
2975,54,1
2976,53,1
2977,56,1
2978,57,1
2979,58,1
2980,50,1
2981,48,1
2982,49,1
2983,52,1
2984,66,1
2985,56,1
2986,55,1
2987,54,1
2988,61,1
2989,55,1
2990,55,1
2991,53,1
2992,54,1
2993,60,1
2994,51,1
2995,59,1
2996,47,1
2997,53,1
2998,60,1
2999,64,1
3000,41,1
3001,56,1
3002,52,1
3003,58,1
3004,56,1
3005,52,1
3006,63,1
3007,56,1
3008,57,1
3009,53,1
3010,63,1
3011,64,1
3012,51,1
3013,48,1
3014,50,1
3015,55,1
3016,56,1
3017,52,1
3018,52,1
3019,46,1
3020,59,1
3021,48,1
3022,53,1
3023,50,1
3024,52,1
3025,53,1
3026,60,1
3027,53,1
3028,48,1
3029,50,1
3030,66,1
3031,55,1
3032,57,1
3033,57,1
3034,65,1
3035,61,1
3036,52,1
3037,54,1
3038,59,1
3039,52,1
3040,55,1
3041,46,1
3042,46,1
3043,63,1
3044,46,1
3045,62,1
3046,57,1
3047,56,1
3048,55,1
3049,51,1
3050,55,1
3051,49,1
3052,59,1
3053,45,1
3054,63,1
3055,57,1
3056,43,1
3057,60,1
3058,62,1
3059,62,1
3060,47,1
3061,46,1
3062,54,1
3063,58,1
3064,49,1
3065,48,1
3066,49,1
3067,59,1
3068,50,1
3069,50,1
3070,49,1
3071,54,1
3072,45,1
3073,52,1
3074,63,1
3075,57,1
3076,56,1
3077,55,1
3078,56,1
3079,66,1
3080,54,1
3081,52,1
3082,45,1
3083,43,1
3084,60,1
3085,55,1
3086,48,1
3087,49,1
3088,57,1
3089,59,1
3090,58,1
3091,50,1
3092,52,1
3093,61,1
3094,52,1
3095,49,1
3096,51,1
3097,57,1
3098,49,1
3099,60,1
3100,50,1
3101,53,1
3102,54,1
3103,54,1
3104,45,1
3105,51,1
3106,51,1
3107,59,1
3108,53,1
3109,50,1
3110,47,1
3111,51,1
3112,55,1
3113,60,1
3114,48,1
3115,46,1
3116,50,1
3117,53,1
3118,54,1
3119,58,1
3120,57,1
3121,58,1
3122,52,1
3123,44,1
3124,52,1
3125,51,1
3126,59,1
3127,58,1
3128,66,1
3129,57,1
3130,51,1
3131,63,1
3132,53,1
3133,58,1
3134,49,1
3135,57,1
3136,57,1
3137,61,1
3138,56,1
3139,58,1
3140,51,1
3141,49,1
3142,47,1
3143,44,1
3144,49,1
3145,52,1
3146,57,1
3147,50,1
3148,44,1
3149,64,1
3150,58,1
3151,53,1
3152,55,1
3153,52,1
3154,56,1
3155,50,1
3156,59,1
3157,56,1
3158,53,1
3159,58,1
3160,58,1
3161,51,1
3162,56,1
3163,56,1
3164,56,1
3165,48,1
3166,47,1
3167,50,1
3168,52,1
3169,48,1
3170,54,1
3171,50,1
3172,58,1
3173,49,1
3174,48,1
3175,53,1
3176,56,1
3177,52,1
3178,50,1
3179,60,1
3180,55,1
3181,53,1
3182,53,1
3183,52,1
3184,53,1
3185,49,1
3186,49,1
3187,65,1
3188,49,1
3189,52,1
3190,51,1
3191,54,1
3192,51,1
3193,60,1
3194,53,1
3195,55,1
3196,53,1
3197,56,1
3198,50,1
3199,48,1
3200,55,1
3201,50,1
3202,49,1
3203,44,1
3204,54,1
3205,47,1
3206,55,1
3207,68,1
3208,52,1
3209,52,1
3210,55,1
3211,47,1
3212,56,1
3213,60,1
3214,58,1
3215,57,1
3216,52,1
3217,59,1
3218,48,1
3219,55,1
3220,51,1
3221,59,1
3222,50,1
3223,56,1
3224,56,1
3225,49,1
3226,50,1
3227,56,1
3228,62,1
3229,54,1
3230,49,1
3231,56,1
3232,48,1
3233,50,1
3234,52,1
3235,56,1
3236,50,1
3237,57,1
3238,53,1
3239,52,1
3240,48,1
3241,44,1
3242,54,1
3243,56,1
3244,50,1
3245,57,1
3246,53,1
3247,54,1
3248,48,1
3249,38,1
3250,50,1
3251,51,1
3252,53,1
3253,51,1
3254,55,1
3255,51,1
3256,53,1
3257,54,1
3258,50,1
3259,57,1
3260,53,1
3261,46,1
3262,55,1
3263,56,1
3264,50,1
3265,40,1
3266,47,1
3267,57,1
3268,63,1
3269,52,1
3270,50,1
3271,52,1
3272,53,1
3273,46,1
3274,54,1
3275,58,1
3276,53,1
3277,55,1
3278,56,1
3279,52,1
3280,67,1
3281,58,1
3282,47,1
3283,43,1
3284,46,1
3285,54,1
3286,59,1
3287,55,1
3288,48,1
3289,49,1
3290,55,1
3291,67,1
3292,63,1
3293,42,1
3294,42,1
3295,58,1
3296,62,1
3297,50,1
3298,47,1
3299,62,1
3300,60,1
3301,58,1
3302,60,1
3303,50,1
3304,57,1
3305,50,1
3306,58,1
3307,55,1
3308,56,1
3309,52,1
3310,61,1
3311,55,1
3312,48,1
3313,46,1
3314,54,1
3315,59,1
3316,45,1
3317,47,1
3318,52,1
3319,55,1
3320,57,1
3321,55,1
3322,52,1
3323,49,1
3324,50,1
3325,52,1
3326,64,1
3327,63,1
3328,51,1
3329,48,1
3330,53,1
3331,53,1
3332,52,1
3333,47,1
3334,51,1
3335,53,1
3336,55,1
3337,51,1
3338,48,1
3339,60,1
3340,53,1
3341,61,1
3342,53,1
3343,46,1
3344,59,1
3345,47,1
3346,55,1
3347,55,1
3348,43,1
3349,56,1
3350,57,1
3351,47,1
3352,64,1
3353,44,1
3354,59,1
3355,47,1
3356,46,1
3357,51,1
3358,46,1
3359,54,1
3360,50,1
3361,59,1
3362,56,1
3363,52,1
3364,51,1
3365,53,1
3366,62,1
3367,59,1
3368,62,1
3369,56,1
3370,51,1
3371,53,1
3372,59,1
3373,60,1
3374,59,1
3375,53,1
3376,55,1
3377,62,1
3378,51,1
3379,61,1
3380,55,1
3381,48,1
3382,61,1
3383,52,1
3384,59,1
3385,38,1
3386,54,1
3387,45,1
3388,57,1
3389,59,1
3390,53,1
3391,49,1
3392,58,1
3393,49,1
3394,51,1
3395,53,1
3396,49,1
3397,56,1
3398,53,1
3399,60,1
3400,61,1
3401,49,1
3402,61,1
3403,55,1
3404,64,1
3405,54,1
3406,59,1
3407,58,1
3408,49,1
3409,55,1
3410,54,1
3411,53,1
3412,50,1
3413,59,1
3414,52,1
3415,60,1
3416,54,1
3417,56,1
3418,57,1
3419,57,1
3420,56,1
3421,50,1
3422,54,1
3423,58,1
3424,51,1
3425,47,1
3426,54,1
3427,53,1
3428,49,1
3429,55,1
3430,58,1
3431,54,1
3432,53,1
3433,50,1
3434,51,1
3435,39,1
3436,60,1
3437,52,1
3438,57,1
3439,54,1
3440,62,1
3441,54,1
3442,56,1
3443,46,1
3444,64,1
3445,59,1
3446,50,1
3447,48,1
3448,52,1
3449,54,1
3450,43,1
3451,51,1
3452,36,1
3453,58,1
3454,46,1
3455,50,1
3456,51,1
3457,61,1
3458,51,1
3459,44,1
3460,48,1
3461,50,1
3462,54,1
3463,52,1
3464,48,1
3465,59,1
3466,52,1
3467,60,1
3468,62,1
3469,47,1
3470,61,1
3471,47,1
3472,62,1
3473,60,1
3474,49,1
3475,58,1
3476,51,1
3477,46,1
3478,65,1
3479,53,1
3480,64,1
3481,50,1
3482,51,1
3483,49,1
3484,60,1
3485,42,1
3486,51,1
3487,54,1
3488,44,1
3489,54,1
3490,61,1
3491,49,1
3492,50,1
3493,48,1
3494,57,1
3495,53,1
3496,56,1
3497,47,1
3498,67,1
3499,56,1
3500,39,1
3501,50,1
3502,55,1
3503,55,1
3504,49,1
3505,39,1
3506,47,1
3507,54,1
3508,54,1
3509,47,1
3510,43,1
3511,45,1
3512,50,1
3513,56,1
3514,52,1
3515,49,1
3516,57,1
3517,55,1
3518,55,1
3519,56,1
3520,56,1
3521,49,1
3522,41,1
3523,50,1
3524,58,1
3525,55,1
3526,47,1
3527,62,1
3528,57,1
3529,35,1
3530,63,1
3531,57,1
3532,49,1
3533,51,1
3534,61,1
3535,51,1
3536,53,1
3537,55,1
3538,54,1
3539,61,1
3540,59,1
3541,56,1
3542,55,1
3543,48,1
3544,46,1
3545,39,1
3546,58,1
3547,63,1
3548,57,1
3549,57,1
3550,58,1
3551,51,1
3552,54,1
3553,57,1
3554,48,1
3555,48,1
3556,52,1
3557,47,1
3558,50,1
3559,57,1
3560,44,1
3561,56,1
3562,49,1
3563,49,1
3564,51,1
3565,57,1
3566,56,1
3567,55,1
3568,49,1
3569,50,1
3570,50,1
3571,58,1
3572,59,1
3573,66,1
3574,48,1
3575,55,1
3576,65,1
3577,57,1
3578,56,1
3579,53,1
3580,46,1
3581,42,1
3582,54,1
3583,56,1
3584,50,1
3585,60,1
3586,63,1
3587,52,1
3588,45,1
3589,58,1
3590,55,1
3591,63,1
3592,64,1
3593,48,1
3594,54,1
3595,48,1
3596,56,1
3597,59,1
3598,40,1
3599,59,1
3600,52,1
3601,51,1
3602,55,1
3603,61,1
3604,55,1
3605,59,1
3606,54,1
3607,45,1
3608,58,1
3609,50,1
3610,53,1
3611,48,1
3612,57,1
3613,56,1
3614,55,1
3615,53,1
3616,47,1
3617,45,1
3618,51,1
3619,63,1
3620,54,1
3621,54,1
3622,66,1
3623,45,1
3624,46,1
3625,47,1
3626,55,1
3627,53,1
3628,63,1
3629,57,1
3630,52,1
3631,50,1
3632,54,1
3633,51,1
3634,50,1
3635,64,1
3636,64,1
3637,49,1
3638,64,1
3639,63,1
3640,55,1
3641,56,1
3642,52,1
3643,51,1
3644,53,1
3645,49,1
3646,52,1
3647,57,1
3648,55,1
3649,52,1
3650,61,1
3651,46,1
3652,54,1
3653,49,1
3654,49,1
3655,67,1
3656,64,1
3657,67,1
3658,61,1
3659,47,1
3660,51,1
3661,47,1
3662,54,1
3663,57,1
3664,53,1
3665,56,1
3666,61,1
3667,49,1
3668,66,1
3669,57,1
3670,56,1
3671,57,1
3672,58,1
3673,58,1
3674,61,1
3675,48,1
3676,48,1
3677,50,1
3678,59,1
3679,51,1
3680,57,1
3681,58,1
3682,61,1
3683,54,1
3684,52,1
3685,44,1
3686,60,1
3687,44,1
3688,51,1
3689,53,1
3690,55,1
3691,50,1
3692,38,1
3693,53,1
3694,51,1
3695,51,1
3696,56,1
3697,47,1
3698,48,1
3699,53,1
3700,56,1
3701,46,1
3702,48,1
3703,51,1
3704,47,1
3705,49,1
3706,43,1
3707,50,1
3708,54,1
3709,59,1
3710,51,1
3711,48,1
3712,55,1
3713,59,1
3714,56,1
3715,50,1
3716,51,1
3717,57,1
3718,51,1
3719,51,1
3720,59,1
3721,58,1
3722,51,1
3723,61,1
3724,57,1
3725,52,1
3726,62,1
3727,56,1
3728,53,1
3729,51,1
3730,53,1
3731,58,1
3732,49,1
3733,55,1
3734,44,1
3735,66,1
3736,50,1
3737,56,1
3738,63,1
3739,59,1
3740,58,1
3741,52,1
3742,66,1
3743,54,1
3744,55,1
3745,55,1
3746,57,1
3747,58,1
3748,54,1
3749,38,1
3750,55,1
3751,51,1
3752,52,1
3753,50,1
3754,52,1
3755,58,1
3756,48,1
3757,52,1
3758,57,1
3759,55,1
3760,53,1
3761,55,1
3762,50,1
3763,50,1
3764,43,1
3765,48,1
3766,52,1
3767,43,1
3768,44,1
3769,57,1
3770,55,1
3771,51,1
3772,55,1
3773,53,1
3774,52,1
3775,49,1
3776,40,1
3777,51,1
3778,50,1
3779,59,1
3780,57,1
3781,54,1
3782,46,1
3783,48,1
3784,43,1
3785,50,1
3786,57,1
3787,45,1
3788,62,1
3789,55,1
3790,43,1
3791,57,1
3792,49,1
3793,46,1
3794,41,1
3795,54,1
3796,50,1
3797,49,1
3798,49,1
3799,53,1
3800,51,1
3801,58,1
3802,60,1
3803,54,1
3804,53,1
3805,45,1
3806,55,1
3807,55,1
3808,57,1
3809,48,1
3810,54,1
3811,50,1
3812,48,1
3813,57,1
3814,67,1
3815,61,1
3816,48,1
3817,66,1
3818,52,1
3819,43,1
3820,52,1
3821,46,1
3822,53,1
3823,50,1
3824,52,1
3825,53,1
3826,48,1
3827,51,1
3828,58,1
3829,41,1
3830,50,1
3831,50,1
3832,39,1
3833,49,1
3834,54,1
3835,48,1
3836,55,1
3837,54,1
3838,53,1
3839,57,1
3840,56,1
3841,43,1
3842,49,1
3843,41,1
3844,56,1
3845,55,1
3846,53,1
3847,49,1
3848,50,1
3849,59,1
3850,52,1
3851,53,1
3852,55,1
3853,66,1
3854,53,1
3855,54,1
3856,60,1
3857,60,1
3858,51,1
3859,57,1
3860,54,1
3861,52,1
3862,46,1
3863,54,1
3864,54,1
3865,52,1
3866,51,1
3867,53,1
3868,53,1
3869,51,1
3870,56,1
3871,51,1
3872,50,1
3873,46,1
3874,53,1
3875,56,1
3876,63,1
3877,55,1
3878,47,1
3879,48,1
3880,53,1
3881,58,1
3882,49,1
3883,51,1
3884,67,1
3885,38,1
3886,56,1
3887,48,1
3888,44,1
3889,60,1
3890,53,1
3891,53,1
3892,59,1
3893,59,1
3894,59,1
3895,50,1
3896,58,1
3897,48,1
3898,57,1
3899,49,1
3900,58,1
3901,58,1
3902,47,1
3903,57,1
3904,47,1
3905,48,1
3906,55,1
3907,59,1
3908,49,1
3909,56,1
3910,49,1
3911,59,1
3912,46,1
3913,44,1
3914,53,1
3915,59,1
3916,60,1
3917,52,1
3918,51,1
3919,59,1
3920,59,1
3921,54,1
3922,53,1
3923,47,1
3924,59,1
3925,51,1
3926,56,1
3927,60,1
3928,53,1
3929,59,1
3930,58,1
3931,59,1
3932,65,1
3933,51,1
3934,43,1
3935,45,1
3936,57,1
3937,45,1
3938,50,1
3939,48,1
3940,52,1
3941,52,1
3942,54,1
3943,47,1
3944,50,1
3945,58,1
3946,45,1
3947,50,1
3948,48,1
3949,59,1
3950,60,1
3951,52,1
3952,56,1
3953,52,1
3954,59,1
3955,59,1
3956,52,1
3957,50,1
3958,50,1
3959,48,1
3960,55,1
3961,54,1
3962,70,1
3963,49,1
3964,50,1
3965,50,1
3966,55,1
3967,44,1
3968,57,1
3969,54,1
3970,50,1
3971,51,1
3972,56,1
3973,58,1
3974,61,1
3975,64,1
3976,59,1
3977,54,1
3978,63,1
3979,55,1
3980,54,1
3981,53,1
3982,55,1
3983,45,1
3984,38,1
3985,61,1
3986,45,1
3987,50,1
3988,52,1
3989,46,1
3990,51,1
3991,38,1
3992,52,1
3993,59,1
3994,52,1
3995,54,1
3996,50,1
3997,55,1
3998,57,1
3999,57,1
4000,60,1
4001,51,1
4002,52,1
4003,61,1
4004,57,1
4005,49,1
4006,54,1
4007,53,1
4008,45,1
4009,64,1
4010,47,1
4011,62,1
4012,60,1
4013,46,1
4014,46,1
4015,58,1
4016,56,1
4017,47,1
4018,54,1
4019,60,1
4020,49,1
4021,48,1
4022,58,1
4023,60,1
4024,55,1
4025,45,1
4026,48,1
4027,47,1
4028,53,1
4029,44,1
4030,55,1
4031,57,1
4032,53,1
4033,56,1
4034,52,1
4035,51,1
4036,55,1
4037,42,1
4038,51,1
4039,46,1
4040,45,1
4041,51,1
4042,50,1
4043,45,1
4044,52,1
4045,58,1
4046,62,1
4047,50,1
4048,49,1
4049,43,1
4050,56,1
4051,48,1
4052,56,1
4053,50,1
4054,48,1
4055,53,1
4056,51,1
4057,56,1
4058,60,1
4059,49,1
4060,59,1
4061,52,1
4062,65,1
4063,60,1
4064,51,1
4065,55,1
4066,56,1
4067,66,1
4068,55,1
4069,62,1
4070,65,1
4071,66,1
4072,52,1
4073,57,1
4074,63,1
4075,53,1
4076,50,1
4077,65,1
4078,50,1
4079,54,1
4080,56,1
4081,56,1
4082,45,1
4083,52,1
4084,53,1
4085,64,1
4086,50,1
4087,51,1
4088,58,1
4089,47,1
4090,56,1
4091,43,1
4092,58,1
4093,49,1
4094,58,1
4095,61,1
4096,50,1
4097,59,1
4098,61,1
4099,55,1
4100,57,1
4101,50,1
4102,46,1
4103,58,1
4104,59,1
4105,51,1
4106,61,1
4107,55,1
4108,58,1
4109,48,1
4110,56,1
4111,64,1
4112,53,1
4113,49,1
4114,40,1
4115,58,1
4116,60,1
4117,54,1
4118,61,1
4119,64,1
4120,56,1
4121,58,1
4122,56,1
4123,57,1
4124,51,1
4125,67,1
4126,56,1
4127,46,1
4128,53,1
4129,50,1
4130,55,1
4131,61,1
4132,59,1
4133,57,1
4134,55,1
4135,59,1
4136,57,1
4137,49,1
4138,52,1
4139,58,1
4140,58,1
4141,50,1
4142,60,1
4143,53,1
4144,58,1
4145,49,1
4146,54,1
4147,53,1
4148,51,1
4149,58,1
4150,38,1
4151,46,1
4152,48,1
4153,52,1
4154,56,1
4155,50,1
4156,52,1
4157,55,1
4158,54,1
4159,64,1
4160,50,1
4161,51,1
4162,52,1
4163,53,1
4164,51,1
4165,52,1
4166,53,1
4167,53,1
4168,49,1
4169,50,1
4170,50,1
4171,49,1
4172,62,1
4173,58,1
4174,57,1
4175,53,1
4176,57,1
4177,46,1
4178,62,1
4179,45,1
4180,36,1
4181,56,1
4182,61,1
4183,50,1
4184,46,1
4185,57,1
4186,62,1
4187,57,1
4188,51,1
4189,56,1
4190,66,1
4191,51,1
4192,44,1
4193,55,1
4194,50,1
4195,52,1
4196,71,1
4197,57,1
4198,66,1
4199,43,1
4200,53,1
4201,49,1
4202,55,1
4203,56,1
4204,68,1
4205,57,1
4206,58,1
4207,50,1
4208,57,1
4209,57,1
4210,44,1
4211,63,1
4212,63,1
4213,60,1
4214,58,1
4215,59,1
4216,50,1
4217,60,1
4218,58,1
4219,51,1
4220,52,1
4221,58,1
4222,53,1
4223,53,1
4224,47,1
4225,51,1
4226,50,1
4227,62,1
4228,62,1
4229,54,1
4230,64,1
4231,47,1
4232,61,1
4233,38,1
4234,36,1
4235,57,1
4236,49,1
4237,55,1
4238,57,1
4239,56,1
4240,53,1
4241,44,1
4242,46,1
4243,55,1
4244,50,1
4245,52,1
4246,55,1
4247,63,1
4248,56,1
4249,61,1
4250,56,1
4251,54,1
4252,54,1
4253,53,1
4254,60,1
4255,67,1
4256,58,1
4257,55,1
4258,49,1
4259,59,1
4260,55,1
4261,57,1
4262,53,1
4263,52,1
4264,53,1
4265,45,1
4266,54,1
4267,62,1
4268,57,1
4269,60,1
4270,54,1
4271,48,1
4272,50,1
4273,52,1
4274,49,1
4275,51,1
4276,57,1
4277,53,1
4278,53,1
4279,57,1
4280,61,1
4281,52,1
4282,48,1
4283,57,1
4284,51,1
4285,46,1
4286,47,1
4287,50,1
4288,38,1
4289,51,1
4290,47,1
4291,58,1
4292,55,1
4293,45,1
4294,51,1
4295,56,1
4296,64,1
4297,61,1
4298,57,1
4299,57,1
4300,53,1
4301,67,1
4302,58,1
4303,68,1
4304,50,1
4305,52,1
4306,58,1
4307,39,1
4308,64,1
4309,46,1
4310,42,1
4311,44,1
4312,59,1
4313,51,1
4314,69,1
4315,57,1
4316,55,1
4317,54,1
4318,50,1
4319,61,1
4320,53,1
4321,45,1
4322,52,1
4323,49,1
4324,57,1
4325,69,1
4326,49,1
4327,59,1
4328,56,1
4329,55,1
4330,60,1
4331,48,1
4332,56,1
4333,51,1
4334,52,1
4335,42,1
4336,54,1
4337,52,1
4338,49,1
4339,60,1
4340,50,1
4341,50,1
4342,51,1
4343,57,1
4344,54,1
4345,53,1
4346,43,1
4347,51,1
4348,56,1
4349,37,1
4350,47,1
4351,47,1
4352,55,1
4353,51,1
4354,58,1
4355,51,1
4356,49,1
4357,48,1
4358,59,1
4359,51,1
4360,52,1
4361,56,1
4362,48,1
4363,62,1
4364,63,1
4365,43,1
4366,50,1
4367,58,1
4368,48,1
4369,49,1
4370,56,1
4371,47,1
4372,49,1
4373,45,1
4374,51,1
4375,64,1
4376,47,1
4377,48,1
4378,52,1
4379,56,1
4380,47,1
4381,62,1
4382,55,1
4383,56,1
4384,52,1
4385,44,1
4386,65,1
4387,45,1
4388,55,1
4389,51,1
4390,52,1
4391,50,1
4392,48,1
4393,58,1
4394,62,1
4395,53,1
4396,61,1
4397,55,1
4398,68,1
4399,61,1
4400,49,1
4401,45,1
4402,53,1
4403,65,1
4404,50,1
4405,60,1
4406,57,1
4407,52,1
4408,46,1
4409,58,1
4410,57,1
4411,56,1
4412,47,1
4413,54,1
4414,52,1
4415,61,1
4416,49,1
4417,66,1
4418,53,1
4419,56,1
4420,55,1
4421,54,1
4422,57,1
4423,61,1
4424,50,1
4425,51,1
4426,54,1
4427,62,1
4428,58,1
4429,59,1
4430,57,1
4431,48,1
4432,48,1
4433,54,1
4434,61,1
4435,46,1
4436,60,1
4437,62,1
4438,51,1
4439,69,1
4440,56,1
4441,47,1
4442,52,1
4443,52,1
4444,59,1
4445,43,1
4446,56,1
4447,53,1
4448,41,1
4449,54,1
4450,53,1
4451,60,1
4452,47,1
4453,56,1
4454,62,1
4455,46,1
4456,54,1
4457,55,1
4458,51,1
4459,52,1
4460,46,1
4461,47,1
4462,63,1
4463,58,1
4464,53,1
4465,61,1
4466,49,1
4467,57,1
4468,50,1
4469,60,1
4470,54,1
4471,54,1
4472,52,1
4473,55,1
4474,61,1
4475,54,1
4476,57,1
4477,57,1
4478,52,1
4479,50,1
4480,63,1
4481,50,1
4482,66,1
4483,58,1
4484,64,1
4485,71,1
4486,55,1
4487,59,1
4488,57,1
4489,54,1
4490,58,1
4491,63,1
4492,56,1
4493,60,1
4494,62,1
4495,48,1
4496,52,1
4497,54,1
4498,57,1
4499,46,1
4500,50,1
4501,48,1
4502,47,1
4503,44,1
4504,57,1
4505,56,1
4506,52,1
4507,52,1
4508,64,1
4509,49,1
4510,57,1
4511,57,1
4512,50,1
4513,47,1
4514,45,1
4515,54,1
4516,40,1
4517,56,1
4518,60,1
4519,50,1
4520,58,1
4521,50,1
4522,51,1
4523,38,1
4524,51,1
4525,63,1
4526,52,1
4527,53,1
4528,53,1
4529,55,1
4530,57,1
4531,56,1
4532,59,1
4533,63,1
4534,58,1
4535,56,1
4536,50,1
4537,55,1
4538,54,1
4539,49,1
4540,46,1
4541,54,1
4542,46,1
4543,46,1
4544,53,1
4545,52,1
4546,52,1
4547,56,1
4548,51,1
4549,51,1
4550,55,1
4551,46,1
4552,61,1
4553,52,1
4554,62,1
4555,50,1
4556,60,1
4557,51,1
4558,45,1
4559,54,1
4560,49,1
4561,55,1
4562,48,1
4563,57,1
4564,54,1
4565,50,1
4566,56,1
4567,57,1
4568,43,1
4569,53,1
4570,54,1
4571,50,1
4572,53,1
4573,58,1
4574,46,1
4575,47,1
4576,53,1
4577,54,1
4578,54,1
4579,48,1
4580,59,1
4581,57,1
4582,60,1
4583,57,1
4584,45,1
4585,48,1
4586,43,1
4587,51,1
4588,49,1
4589,44,1
4590,58,1
4591,48,1
4592,48,1
4593,48,1
4594,53,1
4595,50,1
4596,48,1
4597,62,1
4598,56,1
4599,50,1
4600,58,1
4601,45,1
4602,54,1
4603,53,1
4604,53,1
4605,54,1
4606,50,1
4607,52,1
4608,57,1
4609,51,1
4610,41,1
4611,56,1
4612,44,1
4613,45,1
4614,53,1
4615,50,1
4616,52,1
4617,47,1
4618,56,1
4619,58,1
4620,53,1
4621,50,1
4622,49,1
4623,54,1
4624,57,1
4625,58,1
4626,60,1
4627,61,1
4628,46,1
4629,49,1
4630,51,1
4631,50,1
4632,58,1
4633,63,1
4634,58,1
4635,57,1
4636,58,1
4637,57,1
4638,64,1
4639,55,1
4640,57,1
4641,53,1
4642,51,1
4643,57,1
4644,44,1
4645,54,1
4646,51,1
4647,54,1
4648,58,1
4649,56,1
4650,52,1
4651,55,1
4652,46,1
4653,53,1
4654,56,1
4655,46,1
4656,58,1
4657,58,1
4658,59,1
4659,52,1
4660,65,1
4661,57,1
4662,61,1
4663,63,1
4664,48,1
4665,48,1
4666,50,1
4667,47,1
4668,49,1
4669,51,1
4670,58,1
4671,47,1
4672,62,1
4673,50,1
4674,49,1
4675,55,1
4676,52,1
4677,51,1
4678,58,1
4679,58,1
4680,63,1
4681,48,1
4682,47,1
4683,60,1
4684,58,1
4685,44,1
4686,50,1
4687,61,1
4688,51,1
4689,56,1
4690,49,1
4691,50,1
4692,50,1
4693,41,1
4694,52,1
4695,58,1
4696,56,1
4697,58,1
4698,59,1
4699,56,1
4700,63,1
4701,45,1
4702,61,1
4703,45,1
4704,41,1
4705,43,1
4706,42,1
4707,61,1
4708,50,1
4709,56,1
4710,55,1
4711,60,1
4712,61,1
4713,52,1
4714,54,1
4715,59,1
4716,56,1
4717,54,1
4718,57,1
4719,55,1
4720,57,1
4721,50,1
4722,53,1
4723,58,1
4724,57,1
4725,63,1
4726,46,1
4727,48,1
4728,51,1
4729,35,1
4730,54,1
4731,57,1
4732,42,1
4733,52,1
4734,44,1
4735,54,1
4736,43,1
4737,51,1
4738,50,1
4739,48,1
4740,41,1
4741,50,1
4742,57,1
4743,51,1
4744,46,1
4745,54,1
4746,54,1
4747,55,1
4748,51,1
4749,65,1
4750,44,1
4751,49,1
4752,52,1
4753,57,1
4754,56,1
4755,47,1
4756,51,1
4757,51,1
4758,55,1
4759,47,1
4760,50,1
4761,42,1
4762,49,1
4763,49,1
4764,57,1
4765,49,1
4766,50,1
4767,51,1
4768,52,1
4769,51,1
4770,58,1
4771,52,1
4772,50,1
4773,57,1
4774,52,1
4775,52,1
4776,54,1
4777,61,1
4778,50,1
4779,58,1
4780,54,1
4781,50,1
4782,59,1
4783,52,1
4784,49,1
4785,55,1
4786,55,1
4787,48,1
4788,52,1
4789,55,1
4790,42,1
4791,53,1
4792,54,1
4793,51,1
4794,61,1
4795,61,1
4796,52,1
4797,48,1
4798,51,1
4799,54,1
4800,43,1
4801,57,1
4802,54,1
4803,65,1
4804,52,1
4805,57,1
4806,63,1
4807,54,1
4808,55,1
4809,56,1
4810,46,1
4811,55,1
4812,51,1
4813,66,1
4814,53,1
4815,58,1
4816,52,1
4817,68,1
4818,55,1
4819,62,1
4820,54,1
4821,63,1
4822,54,1
4823,61,1
4824,58,1
4825,58,1
4826,52,1
4827,58,1
4828,50,1
4829,55,1
4830,68,1
4831,55,1
4832,55,1
4833,30,1
4834,70,1
4835,56,1
4836,60,1
4837,38,1
4838,49,1
4839,44,1
4840,52,1
4841,37,1
4842,58,1
4843,48,1
4844,55,1
4845,61,1
4846,55,1
4847,61,1
4848,53,1
4849,49,1
4850,55,1
4851,60,1
4852,56,1
4853,46,1
4854,51,1
4855,50,1
4856,53,1
4857,52,1
4858,53,1
4859,59,1
4860,47,1
4861,46,1
4862,48,1
4863,57,1
4864,57,1
4865,54,1
4866,64,1
4867,54,1
4868,49,1
4869,48,1
4870,48,1
4871,51,1
4872,55,1
4873,53,1
4874,61,1
4875,52,1
4876,55,1
4877,53,1
4878,50,1
4879,51,1
4880,57,1
4881,64,1
4882,57,1
4883,52,1
4884,59,1
4885,55,1
4886,55,1
4887,50,1
4888,47,1
4889,54,1
4890,41,1
4891,49,1
4892,57,1
4893,45,1
4894,64,1
4895,56,1
4896,56,1
4897,58,1
4898,55,1
4899,51,1
4900,48,1
4901,59,1
4902,57,1
4903,49,1
4904,49,1
4905,60,1
4906,58,1
4907,51,1
4908,54,1
4909,53,1
4910,33,1
4911,58,1
4912,52,1
4913,51,1
4914,53,1
4915,63,1
4916,62,1
4917,62,1
4918,57,1
4919,56,1
4920,51,1
4921,51,1
4922,58,1
4923,53,1
4924,55,1
4925,59,1
4926,50,1
4927,59,1
4928,58,1
4929,59,1
4930,51,1
4931,54,1
4932,56,1
4933,53,1
4934,53,1
4935,52,1
4936,56,1
4937,54,1
4938,43,1
4939,54,1
4940,62,1
4941,55,1
4942,53,1
4943,53,1
4944,54,1
4945,57,1
4946,57,1
4947,48,1
4948,51,1
4949,61,1
4950,57,1
4951,62,1
4952,57,1
4953,56,1
4954,63,1
4955,55,1
4956,51,1
4957,51,1
4958,56,1
4959,56,1
4960,59,1
4961,47,1
4962,49,1
4963,57,1
4964,51,1
4965,49,1
4966,51,1
4967,60,1
4968,45,1
4969,58,1
4970,58,1
4971,50,1
4972,56,1
4973,56,1
4974,51,1
4975,61,1
4976,52,1
4977,49,1
4978,62,1
4979,57,1
4980,48,1
4981,58,1
4982,45,1
4983,56,1
4984,50,1
4985,53,1
4986,62,1
4987,60,1
4988,47,1
4989,53,1
4990,48,1
4991,56,1
4992,58,1
4993,54,1
4994,58,1
4995,53,1
4996,55,1
4997,50,1
4998,46,1
4999,48,1
5000,49,1
5001,58,1
5002,34,1
5003,57,1
5004,56,1
5005,57,1
5006,54,1
5007,52,1
5008,53,1
5009,43,1
5010,46,1
5011,53,1
5012,56,1
5013,45,1
5014,52,1
5015,68,1
5016,59,1
5017,44,1
5018,57,1
5019,55,1
5020,56,1
5021,42,1
5022,48,1
5023,51,1
5024,56,1
5025,47,1
5026,44,1
5027,51,1
5028,58,1
5029,64,1
5030,59,1
5031,51,1
5032,51,1
5033,53,1
5034,43,1
5035,48,1
5036,55,1
5037,62,1
5038,56,1
5039,61,1
5040,56,1
5041,58,1
5042,62,1
5043,40,1
5044,56,1
5045,52,1
5046,58,1
5047,51,1
5048,54,1
5049,50,1
5050,59,1
5051,62,1
5052,63,1
5053,63,1
5054,57,1
5055,53,1
5056,59,1
5057,54,1
5058,64,1
5059,59,1
5060,57,1
5061,57,1
5062,63,1
5063,51,1
5064,52,1
5065,53,1
5066,53,1
5067,60,1
5068,55,1
5069,64,1
5070,57,1
5071,48,1
5072,51,1
5073,50,1
5074,54,1
5075,45,1
5076,58,1
5077,59,1
5078,46,1
5079,39,1
5080,60,1
5081,50,1
5082,60,1
5083,45,1
5084,44,1
5085,57,1
5086,57,1
5087,61,1
5088,54,1
5089,48,1
5090,55,1
5091,59,1
5092,62,1
5093,53,1
5094,62,1
5095,51,1
5096,55,1
5097,57,1
5098,53,1
5099,46,1
5100,53,1
5101,54,1
5102,53,1
5103,64,1
5104,53,1
5105,58,1
5106,51,1
5107,52,1
5108,63,1
5109,52,1
5110,55,1
5111,55,1
5112,57,1
5113,50,1
5114,63,1
5115,53,1
5116,55,1
5117,62,1
5118,51,1
5119,50,1
5120,57,1
5121,57,1
5122,57,1
5123,61,1
5124,33,1
5125,53,1
5126,53,1
5127,59,1
5128,48,1
5129,50,1
5130,53,1
5131,48,1
5132,56,1
5133,42,1
5134,44,1
5135,44,1
5136,46,1
5137,49,1
5138,58,1
5139,61,1
5140,53,1
5141,54,1
5142,62,1
5143,56,1
5144,52,1
5145,53,1
5146,50,1
5147,49,1
5148,52,1
5149,59,1
5150,49,1
5151,45,1
5152,56,1
5153,50,1
5154,55,1
5155,55,1
5156,48,1
5157,64,1
5158,58,1
5159,53,1
5160,56,1
5161,46,1
5162,46,1
5163,61,1
5164,44,1
5165,54,1
5166,55,1
5167,69,1
5168,54,1
5169,53,1
5170,49,1
5171,52,1
5172,44,1
5173,56,1
5174,60,1
5175,60,1
5176,49,1
5177,49,1
5178,49,1
5179,51,1
5180,53,1
5181,60,1
5182,42,1
5183,45,1
5184,49,1
5185,45,1
5186,74,1
5187,59,1
5188,52,1
5189,52,1
5190,51,1
5191,47,1
5192,60,1
5193,55,1
5194,56,1
5195,54,1
5196,56,1
5197,45,1
5198,60,1
5199,54,1
5200,55,1
5201,59,1
5202,50,1
5203,51,1
5204,57,1
5205,56,1
5206,62,1
5207,56,1
5208,59,1
5209,53,1
5210,46,1
5211,56,1
5212,61,1
5213,46,1
5214,54,1
5215,53,1
5216,57,1
5217,52,1
5218,56,1
5219,65,1
5220,52,1
5221,48,1
5222,56,1
5223,56,1
5224,53,1
5225,55,1
5226,58,1
5227,54,1
5228,53,1
5229,48,1
5230,50,1
5231,45,1
5232,55,1
5233,53,1
5234,52,1
5235,49,1
5236,47,1
5237,51,1
5238,51,1
5239,55,1
5240,51,1
5241,44,1
5242,54,1
5243,47,1
5244,49,1
5245,45,1
5246,52,1
5247,46,1
5248,58,1
5249,52,1
5250,58,1
5251,58,1
5252,58,1
5253,52,1
5254,54,1
5255,45,1
5256,53,1
5257,63,1
5258,54,1
5259,57,1
5260,52,1
5261,57,1
5262,59,1
5263,54,1
5264,53,1
5265,50,1
5266,57,1
5267,53,1
5268,45,1
5269,55,1
5270,61,1
5271,59,1
5272,42,1
5273,53,1
5274,48,1
5275,57,1
5276,53,1
5277,60,1
5278,59,1
5279,55,1
5280,59,1
5281,50,1
5282,64,1
5283,52,1
5284,54,1
5285,53,1
5286,39,1
5287,55,1
5288,55,1
5289,57,1
5290,55,1
5291,58,1
5292,56,1
5293,58,1
5294,48,1
5295,50,1
5296,50,1
5297,53,1
5298,48,1
5299,57,1
5300,53,1
5301,49,1
5302,49,1
5303,59,1
5304,54,1
5305,53,1
5306,59,1
5307,52,1
5308,53,1
5309,50,1
5310,55,1
5311,50,1
5312,52,1
5313,51,1
5314,48,1
5315,48,1
5316,40,1
5317,47,1
5318,45,1
5319,53,1
5320,53,1
5321,50,1
5322,55,1
5323,56,1
5324,64,1
5325,47,1
5326,54,1
5327,52,1
5328,55,1
5329,41,1
5330,51,1
5331,58,1
5332,54,1
5333,56,1
5334,49,1
5335,56,1
5336,59,1
5337,56,1
5338,50,1
5339,59,1
5340,45,1
5341,66,1
5342,60,1
5343,47,1
5344,52,1
5345,55,1
5346,55,1
5347,43,1
5348,51,1
5349,48,1
5350,49,1
5351,60,1
5352,45,1
5353,56,1
5354,49,1
5355,60,1
5356,52,1
5357,50,1
5358,55,1
5359,52,1
5360,56,1
5361,63,1
5362,67,1
5363,53,1
5364,51,1
5365,43,1
5366,54,1
5367,52,1
5368,48,1
5369,63,1
5370,51,1
5371,55,1
5372,51,1
5373,60,1
5374,69,1
5375,50,1
5376,49,1
5377,46,1
5378,49,1
5379,56,1
5380,46,1
5381,61,1
5382,54,1
5383,57,1
5384,61,1
5385,45,1
5386,48,1
5387,47,1
5388,49,1
5389,52,1
5390,51,1
5391,50,1
5392,47,1
5393,46,1
5394,50,1
5395,44,1
5396,54,1
5397,50,1
5398,50,1
5399,53,1
5400,54,1
5401,45,1
5402,53,1
5403,49,1
5404,49,1
5405,47,1
5406,55,1
5407,48,1
5408,50,1
5409,50,1
5410,38,1
5411,48,1
5412,37,1
5413,52,1
5414,41,1
5415,49,1
5416,43,1
5417,36,1
5418,44,1
5419,46,1
5420,40,1
5421,39,1
5422,46,1
5423,43,1
5424,39,1
5425,40,1
5426,46,1
5427,47,1
5428,44,1
5429,42,1
5430,41,1
5431,59,1
5432,47,1
5433,33,1
